drop,e0,e1,e2,e3,e4,e5,e6,e7,e8,e9,e10,e11,e12,e13,e14,e15,e16,e17,e18,e19,e20,e21,e22,e23,e24,e25,e26,e27,e28,e29,e30,e31,e32,e33,e34,e35,e36,e37,e38,e39,e40,e41,e42,e43,e44,e45,e46,e47,e48,e49,e50,e51,e52,e53,e54,e55,e56,e57,e58,e59,e60,e61,e62,e63,e64,e65,e66,e67,e68,e69,e70,e71,e72,e73,e74,e75,e76,e77,e78,e79,e80,e81,e82,e83,e84,e85,e86,e87,e88,e89,e90,e91,e92,e93,e94,e95,e96,e97,e98,e99,e100,e101,e102,e103,e104,e105,e106,e107,e108,e109,e110,e111,e112,e113,e114,e115,e116,e117,e118,e119,e120,e121,e122,e123,e124,e125,e126,e127,e128,e129,e130,e131,e132,e133,e134,e135,e136,e137,e138,e139,e140,e141,e142,e143,e144,e145,e146,e147,e148,e149
1,0.0062,1.4937,-1.3707,-4.453,-2.2734,-4.9582,0.3007,6.7011,-2.461,-3.1024,2.4492,1.7844,0.5271,-4.6523,-0.1463,3.4765,-6.7211,-2.2881,-9.5061,-6.4477,-9.2087,-1.1755,-6.3372,1.3563,0.7838,-0.9347,-12.5838,-2.6935,-0.2425,0.5665,-7.6507,-2.3888,-4.8926,-4.0442,5.3045,-4.0377,-0.1626,4.4219,-2.918,-0.5585,0.5523,0.3189,-6.1253,0.3807,6.7941,-7.7357,4.2969,0.5968,-3.2074,10.0021,3.8113,-5.9964,0.3726,2.8834,-0.9439,3.4146,-0.3326,3.3362,7.1926,-3.3783,1.0157,-2.3165,0.6363,-5.936,-2.8965,-0.981,4.4938,5.7261,-6.6176,-3.9732,3.2345,-9.9621,-2.3158,-0.4864,6.2851,3.447,-1.6361,-1.8429,-1.251,7.6176,-2.1401,-1.5184,1.7629,-0.6039,-0.9864,-5.5703,-0.0576,-2.2179,5.8306,3.2654,-0.1207,3.3419,-1.6993,5.2606,-0.027,2.9169,-6.4545,1.7334,-8.441,-10.1766,-1.5224,-4.4996,0.8203,11.2238,-4.1586,-3.1197,1.027,2.4651,-0.882,-1.0297,3.5123,2.5995,-5.1684,-0.3959,0.1764,-5.2724,1.2992,-4.2898,4.8603,0.9637,0.4465,-2.9551,-0.593,-9.9887,-5.657,1.8142,-10.6428,4.233,-8.7305,3.7837,-4.2275,3.895,0.6548,-7.6842,6.2457,7.2085,-0.329,-1.3696,-0.7993,-4.8758,5.4929,-2.7145,-0.256,-3.9665,-3.1304,-6.3886,6.2853,-0.7704,4.8296,0.0666
2,-3.472,-1.6334,-2.8012,0.0398,-1.8763,-1.4996,-6.8929,-4.0342,8.2703,-3.3562,-5.2705,1.6866,7.0364,-7.2701,-1.0426,-3.1603,-8.8051,3.6746,-0.1172,0.3572,-3.7616,2.2739,-2.6965,-0.7145,-5.5413,-6.0805,6.6777,-2.5355,1.4584,-0.169,-2.2057,-2.5398,3.1504,-1.5093,-0.7572,0.1111,5.8825,3.4026,1.913,-2.8179,-6.9098,4.7476,4.8322,-0.7035,2.7094,3.9072,4.1559,4.6069,-2.2781,7.5749,-6.233,4.3086,2.4697,4.3681,9.395,7.4222,-5.7259,-8.4434,4.0844,-5.0751,-0.062,4.1986,-8.219,-10.5499,1.2965,0.2219,-1.229,0.1927,-4.3026,-7.5675,-0.8333,-4.8585,-8.2174,2.5284,-0.307,2.0326,-4.9465,-3.2903,-4.9952,-4.4332,0.977,-3.9149,1.7803,1.6988,10.1258,-6.9639,4.4395,-0.4474,-0.0701,-7.2493,-2.301,3.716,-0.4124,0.4053,-1.4536,5.7728,-0.1074,-11.0021,-3.4604,-9.844,-16.2572,-2.6506,6.6678,0.2356,-5.8627,-4.7035,5.6531,0.7881,0.24,-0.2673,0.192,4.027,2.7628,1.0785,-5.2143,2.5555,-3.4212,5.4692,-6.3553,-0.6881,-0.0368,-6.6232,8.6099,7.302,-2.3179,3.8586,1.8934,-13.0678,1.252,-0.3067,0.4161,-5.3844,-1.3467,-0.8913,5.9405,1.6721,-0.0278,7.6448,-2.7762,-1.9472,-9.0838,7.8455,4.8217,4.5842,3.3445,0.5507,1.0774,-1.26,-1.018,0.2715
3,7.5591,2.7784,-0.2923,-2.897,-3.175,8.0135,2.5334,0.3378,-1.7309,-5.5453,-0.3343,4.3683,-1.9627,-1.1362,-1.1052,0.548,-7.9651,-1.177,-4.272,4.4229,-3.853,2.8852,7.6222,-1.568,-3.0079,0.9572,-0.0101,-4.9681,2.3046,10.0776,-1.2906,-1.0144,-5.2247,1.5954,-6.2349,-5.5347,6.3983,-4.5273,5.4068,7.6218,1.2966,2.767,9.7613,-0.9836,-2.965,-6.7662,0.2085,7.3957,4.798,-4.7105,-4.2769,-2.5209,1.4613,-1.0266,1.0723,1.4837,-1.4939,-0.2009,1.033,-0.4198,2.5176,9.3544,2.9599,0.2791,-8.4306,1.9398,-9.7334,-7.0452,4.2732,3.5312,-0.7497,-8.5501,-1.8567,-3.3937,3.1842,11.2887,1.0847,-3.8966,-5.8528,-0.2805,-0.884,-5.7576,0.5818,-5.7546,5.5605,5.3133,5.4238,-2.3703,2.5726,-0.6603,-1.9441,-1.6957,-6.4986,-7.2193,3.9716,-0.9562,1.0821,5.0086,-8.6657,-3.9207,0.8767,1.9605,-1.8854,5.1459,1.052,-6.0669,-4.6538,4.0274,2.3192,-9.4953,6.7386,2.9901,6.7167,-1.9185,-1.4785,-5.6323,12.6846,-0.8773,7.9377,-3.2365,0.8192,-8.3568,-1.9143,4.9188,-6.2587,5.3611,1.6862,-5.2198,-2.508,-2.2953,-0.2476,-2.6807,-4.1364,-1.5229,-5.1344,-6.4476,-0.2409,4.4144,-7.6469,0.0175,-3.2498,-4.8857,4.2672,-2.5908,7.4915,-3.8992,1.9325,-1.1364,-3.7701,2.9384
4,-0.7749,3.0161,-0.2365,-5.4291,-0.5103,0.2598,4.7923,-4.5313,-0.1966,-8.6094,3.2575,-5.4074,-9.0318,-0.2961,5.5284,-7.6222,-5.4402,-3.7164,-5.6475,1.8971,-4.0368,-3.6076,2.9165,-3.7776,2.1639,-4.8569,-6.0607,-9.1772,9.306,-1.6013,1.2197,-0.1552,0.7998,0.2484,9.5411,-5.1946,-7.7873,-5.0598,-6.6735,3.7348,4.1019,-4.8066,-6.9522,-1.774,6.9556,-14.0978,2.6331,-5.3788,5.2018,-5.3896,-1.4271,-7.5314,-4.8863,6.9292,4.1029,-2.0083,-4.3509,-9.469,-1.9683,-0.1545,-0.4203,-0.469,-5.609,-0.3314,-0.1934,6.4528,9.3337,-0.6849,-3.8315,-0.3249,-3.0381,-3.7122,-0.2933,-5.2165,3.0305,-0.5196,1.25,-0.9147,-3.6363,-4.7398,-1.1864,-2.7438,1.1695,-0.0222,-6.8115,0.3356,-6.7143,-3.0824,-1.4718,-10.3764,0.4575,0.7549,-0.7901,-2.1216,-1.868,-4.8827,-1.3485,-2.7631,0.4584,-6.0207,1.1779,0.7161,-0.7078,-2.196,2.7617,-8.323,2.3023,1.2152,1.4169,1.9166,-3.2682,-1.2973,3.1853,2.1532,1.0336,-7.5716,2.6894,5.8474,5.0484,1.1694,-7.7884,4.7127,-0.7363,-12.6626,1.886,-7.4609,-6.4822,-3.1748,6.363,-1.8542,1.355,8.7398,7.9701,-0.5168,-1.2076,-6.3044,-3.4723,2.1268,1.9787,0.5512,4.974,-3.8618,-0.2804,3.6562,2.9207,5.3547,1.9851,-1.547,1.811,-5.013
5,-8.1973,2.9034,-0.2757,1.542,-8.4884,-1.8256,-2.9993,-4.3211,-11.2751,-1.6744,4.4865,1.905,-3.0047,-0.0744,3.784,-13.8021,-0.6227,2.716,3.4106,8.5037,5.6752,1.5628,1.5099,3.9347,-2.6966,-0.2009,4.5312,9.7872,-0.7963,-0.242,0.9924,6.716,-0.1516,7.3468,-4.8333,-0.9302,-0.9908,3.9325,5.2263,-7.5472,-4.5756,1.6843,-3.2935,-7.6121,5.1924,2.4699,2.4659,-2.3772,5.1447,-1.1998,5.4822,-4.5583,-4.2707,1.0233,-3.5117,3.3773,1.3004,-4.6149,0.3643,-1.7564,4.5792,-3.1628,-2.1959,6.0562,11.193,9.995,0.3161,1.0943,7.6673,-0.6222,-4.8817,0.5844,2.2576,-4.1457,-8.2312,-7.1836,3.3271,-3.7919,-0.7067,1.0628,3.0957,-1.6745,2.4936,-4.4503,-1.8086,-5.1221,5.6588,-0.1354,-3.6965,-1.7619,-1.1086,3.5026,-7.9782,-5.186,-1.8905,12.6615,4.7784,-0.5573,3.56,10.2872,-1.1687,-1.8321,6.0597,2.4709,3.3567,-2.5411,9.621,8.548,2.8297,3.4214,-10.1363,3.1885,-0.9705,2.1695,3.4123,-1.7065,-8.4524,1.8394,-3.7069,-1.651,-3.0225,-1.7079,-11.5476,6.0847,1.2667,5.557,9.8992,0.113,-9.0122,-4.4694,-6.0345,-2.5094,0.3982,-10.0109,1.7124,-7.5518,1.4868,-0.5475,-1.5682,-0.3652,-2.6989,-3.0624,-8.4138,-0.1481,9.2277,9.9025,6.6091,3.529,-3.3824,7.2138
6,-0.2806,-0.3444,-1.4561,0.4598,-2.1761,-0.4189,-5.423,-1.8683,11.4028,-0.348,-1.1933,2.6619,3.5406,-5.5688,-1.0358,4.5914,1.3492,0.6098,7.7701,-3.3889,0.4137,-2.6003,7.4515,-9.7593,-3.3507,-2.6458,3.3177,3.0314,6.976,-7.8702,3.7524,-1.4664,-3.3281,2.6978,-4.6007,-10.3846,-1.8511,-7.4889,-3.2446,1.8578,1.56,7.9345,-0.9983,-7.6667,-3.7805,-4.5969,-6.0891,2.1768,-3.2262,-9.8869,3.4846,-0.5571,1.7842,0.5286,3.1583,0.1901,6.181,2.1249,1.9603,2.0493,-7.2832,-0.8232,-1.2966,1.0377,-6.7935,8.1706,0.5219,-6.0566,-8.5444,-1.4064,-0.4484,-3.5915,0.4606,-3.2059,2.7583,-3.6227,-0.1925,4.8942,12.8583,-5.0382,-2.3225,-4.1992,3.9216,-5.7405,-2.4218,-0.148,-4.8934,-4.7866,-2.3781,-10.5022,-7.2274,-2.0652,0.7412,-0.9288,-8.8698,-2.3189,3.9922,2.7793,-0.3937,-4.4368,3.1561,-2.8946,-5.8462,-4.0109,7.2417,1.1009,5.7962,-2.3967,4.6907,-3.0075,-0.7871,12.4318,3.8357,-2.5059,-0.4241,1.6311,6.0523,-2.4457,-8.7066,-1.3982,0.0769,0.5477,6.5835,1.5834,4.0646,-5.5056,4.3395,10.4811,3.8645,1.2678,0.7699,8.9357,-4.6359,-0.5555,2.301,3.72,-2.1866,1.5366,-1.3896,0.6024,-0.6605,-5.708,-0.1056,4.3858,-4.8351,-1.2055,3.3239,-5.3493,0.9132,-5.3006
7,5.6732,11.5641,10.1113,-1.0959,3.701,0.605,0.5105,7.7388,-6.5959,5.2765,-0.2449,7.0427,0.9362,-3.3634,1.3857,3.6798,0.1788,2.4402,-2.6084,-10.6694,4.5001,3.4958,0.7409,0.3421,5.1815,-2.2855,-3.5327,-0.9427,5.9455,-6.9356,5.9591,-3.1963,-5.5037,6.3003,-0.4845,-6.5012,-1.7937,4.6553,5.9604,-2.1355,2.0316,3.5704,-3.2231,1.7752,-0.1594,-2.6801,-2.4607,0.3352,0.1493,-2.8274,-2.1297,5.5667,1.0691,4.4255,6.0091,2.9442,11.3544,-4.1265,4.042,-1.5907,9.2789,8.5022,-9.7711,-4.8443,3.3216,3.9493,3.6828,-0.3543,2.2756,3.2651,-0.3894,5.1365,-11.2975,3.169,-5.1703,4.7934,-1.1434,-4.4439,1.8695,-4.5567,-4.5638,-7.8365,-0.1335,2.4841,5.1151,-0.7086,5.2393,0.0898,-0.4664,2.8678,5.292,-1.7072,-1.2188,-0.8042,0.4138,-4.502,5.14,-2.002,2.3122,-4.1274,1.794,1.958,-2.1034,10.1044,1.8552,8.8846,4.7957,-3.3114,-1.9109,2.1805,0.3059,0.2473,-1.431,-9.0424,-1.1272,-11.0906,1.8591,-3.6303,-3.5771,-1.0965,1.3634,-7.16,-8.743,-5.3303,-10.2086,-4.8342,7.9544,-5.2829,3.257,-6.8582,1.4956,-1.5987,-0.2991,2.8439,8.7812,0.9735,0.6218,-4.8668,2.9167,-1.2304,4.16,-0.2185,8.7043,-9.9146,-1.483,4.4074,-1.7535,-3.9609,-1.3294,-6.8996
8,0.5948,12.2023,5.7252,-5.545,-4.3667,-2.0236,5.0221,-4.1074,-3.4512,4.4237,4.3233,-1.8691,-5.5888,-7.7487,-3.495,-11.1526,3.7491,-3.1502,2.4065,9.3416,5.865,-5.7557,4.3462,5.7893,-3.7318,-4.7665,-0.5485,-8.0071,7.3537,-12.0268,-5.534,-1.3478,-1.1354,0.8306,1.3572,-1.0681,5.6844,-10.6969,-0.0008,-3.5729,0.6626,1.1038,-4.5591,-3.2047,3.9629,1.7453,-3.4012,10.1995,11.5459,-7.3123,1.509,12.545,3.9195,1.1053,-1.0403,-2.706,-1.0626,-2.7536,3.7245,-1.9908,-2.2058,-6.0108,-0.2479,-4.4706,-0.9038,5.2091,1.8296,2.5236,1.7805,0.2959,-0.6366,-1.539,3.7956,-5.4212,6.7036,0.1704,-3.7435,-2.4457,-3.385,0.801,-3.5892,5.7107,-3.9082,-11.3626,-3.655,-10.0426,-0.1993,5.2958,3.2388,-6.6879,-3.8113,8.8932,1.5926,0.0206,5.2803,12.2637,6.4829,0.6971,1.7734,3.0854,-3.0635,-5.2936,0.2622,-4.7361,-0.3073,0.4806,11.7052,-4.2552,-0.6089,-0.8215,2.1866,5.2336,-2.4524,-4.1068,-8.2036,-4.631,2.6822,0.2282,-5.0772,-1.8638,0.1574,2.5184,-2.967,-1.2522,-9.0922,-5.7569,8.0886,-10.9407,-1.689,1.096,-1.8717,-4.0408,-0.3054,-0.0248,-0.4106,-9.3886,-0.737,-4.2756,-2.7387,1.1349,3.2036,4.4839,-2.4821,4.62,5.8686,5.6832,6.9488,-0.7284,-0.8707,4.1253
9,-6.8326,1.0471,-2.6528,-1.8439,-8.7076,-4.4527,-0.1025,4.4423,4.9501,-0.4016,-0.9464,-4.1534,2.0118,-1.2379,3.0294,8.7584,-0.1619,-7.4868,-4.3043,-7.2907,-5.9855,6.5264,1.1333,-7.6009,3.2682,6.3019,-1.7994,-3.38,-1.6869,1.423,3.1999,5.9111,6.0624,5.927,6.8096,3.3069,-7.6545,-0.6548,1.5696,-1.9156,4.5563,-1.8011,-4.6287,7.2215,3.33,1.0963,4.6335,5.3127,1.7052,-12.2883,-3.3779,-2.2829,-4.921,0.9934,5.961,-2.4245,-5.6742,10.1402,-2.2572,-6.1648,1.1884,2.1284,-3.5253,3.9523,-2.4366,-4.6148,0.893,3.8538,-3.1693,1.6531,-0.4675,14.1222,-3.5428,6.9209,-0.2617,-0.6338,3.6083,4.47,6.3351,1.6433,-3.002,-2.6882,2.5483,2.9045,6.9903,2.0922,5.3008,7.5839,0.824,-7.4278,-5.8964,-7.189,7.958,-4.237,6.1592,2.9287,8.5763,5.0155,-0.5119,-1.0002,0.4258,0.8763,-2.6537,-0.1631,8.0466,-8.5107,1.2924,-4.5348,0.9352,4.1993,-0.2881,3.8649,-7.9492,5.5349,-3.0156,3.112,0.9122,-12.9278,-3.7803,1.1025,7.7699,1.4363,1.2885,-7.0634,7.1557,9.0354,0.1429,-1.0988,-8.0952,4.4166,13.5114,3.5856,6.3185,2.7104,-4.9251,6.6834,-6.1729,-1.0533,1.3943,4.4145,2.0799,1.9342,-3.8074,-6.4469,0.3074,-3.551,-6.5389,-6.3297,-2.4506,-9.2629
10,-6.7373,-8.1757,0.9113,2.0399,10.0357,-7.4876,-3.398,4.5631,-1.0839,-1.635,8.5458,-1.692,-5.781,-6.5847,1.6785,1.5262,-6.8585,-4.927,2.6736,2.8863,-3.2161,3.1111,2.8593,-8.9154,-1.5603,2.0756,-2.8654,-10.6947,-1.4151,3.7605,7.902,-10.9539,13.0666,-5.6357,4.7849,6.171,4.9151,0.7481,-5.8071,3.1328,-3.5762,-12.6135,14.1445,3.5405,9.0904,-4.5581,7.3375,7.9493,7.7727,-0.106,-6.0123,-0.8866,-11.0138,-8.5101,0.4597,-4.957,-0.8222,-0.545,9.6536,6.4881,-0.2244,6.0445,-3.8986,-1.6845,4.5511,-6.2083,-1.3949,-6.6042,0.5874,8.1626,-3.7605,1.1294,-4.4866,-5.7477,-6.1792,7.2738,11.8122,2.4152,-3.5815,3.5245,-1.6716,4.007,1.455,1.3985,3.0364,-2.8975,-2.0218,-8.6062,-2.2093,-7.1117,-0.7234,-4.7882,0.5062,2.2662,-7.1006,-4.0664,-4.7166,3.7325,8.5318,4.2577,-1.7471,7.325,-7.5705,7.4968,-3.2811,-13.9015,13.254,7.8901,-5.1594,0.845,-1.0725,0.5111,-7.4164,-3.4075,2.3398,1.1135,5.9962,0.3988,11.7461,-3.5787,1.2967,-9.5816,-6.2657,6.6426,-4.714,2.6534,-0.3089,-5.2227,-1.7412,-2.5712,-2.4368,3.768,3.2617,-2.8871,-4.5355,1.4117,-0.5001,5.1414,13.2765,4.2146,-0.1737,-0.8602,-4.2835,-4.5334,-5.0171,-1.9767,-2.1357,3.7187,-1.995,-0.9872
11,-6.0914,8.2229,2.5349,8.9444,3.9844,7.4482,-1.2424,3.5858,13.5275,-6.1177,5.8813,8.4897,2.1056,3.8261,6.3982,-3.3515,2.0871,-4.44,-3.4562,-3.1578,-0.7313,0.7489,2.3152,-7.2545,10.1339,5.9176,3.7178,-1.8327,-0.4565,2.8058,2.1072,-8.6053,3.7964,14.9412,-9.4664,5.0984,1.8925,-0.5721,7.0351,-6.068,0.8355,7.5098,-1.0105,-2.1463,0.5899,-2.2838,7.9458,-4.6592,4.4847,-6.4334,3.4379,-0.539,-13.2758,-0.0307,-5.4839,-2.2839,7.9078,-5.7429,-5.4498,7.4044,0.596,7.9237,1.663,-4.5353,-0.3408,6.3206,4.8375,0.0046,0.2507,-0.5785,-2.9733,9.9294,0.037,-5.8145,-2.4521,3.7341,3.2978,-0.705,-3.4363,0.1229,-8.6034,-6.6922,4.107,-2.4638,1.9274,6.263,3.3396,0.1059,10.9399,3.4325,-1.8223,3.7635,2.0967,-4.3999,0.3751,-0.8481,-10.1078,-0.8863,-1.4553,-2.2532,-8.4555,-1.8233,-0.204,0.524,-5.8368,3.2511,-6.2484,-1.1502,6.7083,-3.5588,-2.625,5.5168,-1.9736,-1.5263,1.1368,5.3921,-11.3231,-4.2559,-5.1746,-5.5721,-4.3889,-4.3077,1.5461,-4.5606,0.6279,2.0571,-3.7403,0.6694,8.3876,1.6503,-3.2649,-0.3326,-4.6897,1.3857,4.4122,-4.1897,-1.0697,5.6865,-2.5424,0.9605,-5.2307,-4.1839,-2.6173,10.8816,-2.0453,-2.6498,-2.816,-0.828,3.2797,0.9475
12,10.2891,1.069,7.237,1.3836,3.0279,-7.218,-0.6353,-0.3447,-1.2148,-10.7644,4.4031,-1.9358,-2.1904,-1.2759,-1.1404,2.0355,-6.3552,-4.6552,1.4532,0.7279,-1.8833,-2.8696,-4.1721,-0.2918,5.9037,-5.2903,7.6166,4.2199,-2.2648,3.9154,-7.3295,-8.6579,-6.4489,-2.0487,-1.627,-2.5757,0.4971,-10.6758,2.4767,-7.0965,-3.3043,-2.0643,-5.7811,-6.855,-5.0304,-0.0596,2.9499,2.8212,-4.9725,-3.9579,-4.603,2.2491,-10.1871,6.1917,-2.424,-3.9176,1.6973,5.1631,1.7129,5.2637,0.6718,6.1482,6.2258,-0.4974,7.196,0.8237,0.4345,-4.6074,-1.4439,3.8879,-6.5632,3.2481,1.7431,1.3878,-11.0325,-0.5162,3.2413,-3.8148,0.4515,-11.8904,3.357,-3.3122,4.3568,-9.2139,3.4613,-1.1847,4.038,-4.6285,-3.0923,11.2123,-4.1498,-3.5301,-1.3829,-5.1128,5.9523,8.6251,-3.5205,-8.6302,5.8599,5.542,4.1083,5.7826,-4.3376,-0.8425,-6.9205,-7.0908,4.9055,-3.3596,11.3979,0.3709,-3.2021,3.9894,9.0063,2.4307,-6.0857,1.855,6.878,-2.4662,-3.8682,5.0822,0.6998,-5.5127,-1.8987,-3.7783,1.4813,0.5484,5.7522,3.5483,-7.8177,2.035,4.4847,2.2794,5.1503,-2.7479,-4.7542,4.6504,-5.3273,-10.7977,5.1265,-3.6209,-1.5303,-6.9899,-6.6276,-5.7829,-1.8032,1.85,-11.4891,3.7609,-5.91,-5.3316
13,3.3893,-0.3732,-7.6822,9.223,-4.3031,1.2366,0.9995,7.0566,-2.2783,5.0404,-3.7094,5.6106,-3.8149,-1.811,9.4798,1.5849,0.5488,11.2102,1.8068,-4.0807,3.6731,-5.9084,5.6416,6.0299,-2.8648,-3.1395,0.8825,0.0708,-4.8884,2.8404,-10.2094,-2.1643,-2.0197,-1.3663,1.5361,-6.1401,2.9426,-0.9008,-3.2511,-6.8341,-5.9155,1.8016,-4.8192,0.321,5.3099,5.1632,7.802,-1.4815,-5.4257,5.1026,1.548,5.6198,0.0553,5.9782,4.2319,3.5821,2.5176,1.9885,1.1652,1.1295,4.951,-2.5599,8.6784,-0.5312,4.9269,-0.4512,-1.2333,10.1612,-1.5467,-6.3861,-3.5704,-1.5861,10.776,1.0338,4.6736,-5.008,1.763,3.3574,9.0081,-3.4814,3.0174,1.5129,-5.1086,-0.0973,-1.3174,-11.6268,2.9933,2.7012,-2.1947,-6.6928,7.3994,1.33,5.0835,7.0516,-2.6045,4.0608,-1.2057,-0.3127,-0.4281,-0.0066,5.5698,0.6191,-0.7687,-1.3827,1.7066,-4.4743,-2.5133,-0.2614,-2.8292,-0.5924,-3.0539,10.0198,6.6453,2.2498,-0.2681,10.9538,1.6148,-0.4342,1.5156,1.5297,7.0516,-0.0948,10.4966,-4.4101,3.4703,-5.0091,9.0855,-1.6528,-0.2909,4.6212,6.2767,-5.5594,-1.7308,-6.9746,0.6865,-0.5069,-1.7447,-3.4223,-1.9295,-3.732,2.6448,7.5798,-9.6536,-0.5798,-2.0909,2.4618,-4.7588,-0.7322,-5.198,3.4835
14,0.4964,-0.8074,1.8509,-1.2324,-7.7691,2.9787,1.4414,-0.7704,4.9246,6.0925,-5.4614,-3.9054,7.7364,7.0943,-3.692,-5.9036,-3.1878,-2.4906,-7.9203,0.1558,-6.4009,-6.0519,4.5805,-3.4159,-0.3574,3.1455,4.0661,-1.6851,0.2206,-4.127,8.7369,3.2497,-5.5162,0.0203,3.5678,2.3971,9.1459,6.8616,-2.6965,-0.4459,-6.4077,1.2473,0.7551,13.5174,0.4879,-10.4663,-3.3604,0.5617,-6.2801,-4.336,-1.8282,1.7091,-0.8267,-4.4462,3.9384,-2.6982,-2.4965,-6.8983,-3.9301,3.2589,-8.0883,-0.3559,3.5886,-1.8855,1.199,-5.584,6.5514,5.5053,1.1775,-8.7754,-5.2298,4.8835,8.5656,1.4831,6.2366,-3.0388,-0.9469,0.0057,2.1155,-7.644,4.7033,6.6127,-5.7437,-6.7767,1.7528,-3.2716,-11.8541,4.0429,0.778,-2.3832,10.5672,0.6945,-3.7672,0.5058,-5.2003,-3.8085,1.9318,-2.771,-2.2549,8.3447,4.2982,4.0141,2.6441,2.421,7.2829,-0.0977,9.2776,-4.757,-1.2752,-6.893,-1.7189,2.5922,7.2562,-3.3166,0.0265,-1.7961,-3.693,-5.9469,0.3033,-8.6603,0.5527,0.1048,-3.2888,-5.0545,-6.9215,9.3566,-6.7099,7.7885,3.0008,-1.8201,-5.7854,5.2125,8.6483,-4.6701,-1.4937,5.2581,1.6789,9.9998,-2.8507,2.7115,-6.2546,10.4795,-3.6517,-11.0398,-0.6288,-0.6972,9.5779,-1.6941,-0.0632,2.9672
15,7.9314,-0.3161,5.1974,2.5904,-1.4812,0.3878,0.1434,-4.5801,6.0684,-6.9281,5.8558,4.7721,-0.4652,-3.8272,-1.1321,2.3639,3.7153,1.4346,4.9607,-2.7872,1.1729,-7.8417,3.8181,0.7659,-2.0779,5.8077,3.4576,-14.082,0.1994,-7.2751,5.3333,12.4454,-2.5927,0.3729,-1.2552,1.7541,3.2227,6.436,-4.9371,7.8582,-4.6576,1.3854,5.7929,3.566,-4.6929,-3.5096,-2.3117,-0.2558,5.7348,-6.4591,2.3335,3.0499,2.7914,2.3315,7.5916,2.439,4.2848,2.8177,8.9656,-9.499,6.4105,-1.3052,-1.4036,-4.8474,-9.3435,-1.9095,-3.4365,2.4709,-7.3613,7.1581,1.3597,-1.2395,-3.5471,-3.936,-5.6504,-2.7218,0.0303,-0.8868,-7.0724,-1.3291,-4.4659,0.7994,9.3233,3.1251,-1.5656,-8.1244,-7.0736,-8.4336,3.6298,-3.8253,0.313,-3.1101,0.456,7.0084,-3.4247,-1.7048,-4.0317,4.3729,-5.1286,-5.6649,-6.9383,-7.0424,2.3545,12.8456,-4.9769,4.7577,1.2555,-5.5101,-1.3835,-1.1646,-3.4535,9.653,-9.5306,1.9052,1.6576,-2.8981,0.7475,4.388,0.7637,2.0866,3.4646,-10.1603,7.3919,11.3915,4.904,5.0683,-7.0412,-0.5921,-4.0602,-2.936,4.8352,-4.0195,-0.6505,-9.5429,-0.7922,0.4501,-3.524,-3.5994,9.4321,-6.0487,-5.2531,-4.0451,5.9941,10.5077,1.6609,-3.5866,-2.1387,5.3241,-4.5553,7.2647
16,7.0829,0.351,3.2306,3.7487,7.7711,-5.2573,5.906,-1.8761,-3.8388,0.5134,-1.0717,-4.9375,-7.9867,-4.7105,7.2618,9.8128,3.2506,5.9296,-2.5842,-0.3858,1.4138,-5.4064,-4.9497,0.4859,-1.6015,-5.3178,1.9327,-1.3164,5.1068,-0.0259,-1.5015,0.6384,-0.8599,-3.3402,-2.0098,3.7471,3.2326,6.4311,-8.465,-1.9655,-2.0729,0.8589,-2.2608,-2.5659,3.9149,0.8904,-5.8318,6.6725,4.9838,-2.8698,4.1564,-3.6758,5.6285,-1.0892,-4.0142,-1.8655,-3.8292,0.9607,0.8755,0.179,-2.7831,-18.3054,0.4642,-9.4812,1.2209,5.654,1.3694,-1.9472,-0.8994,-0.6653,-2.7462,-2.9189,-4.6195,5.9408,-0.0778,4.7814,-1.2503,0.3608,-0.8519,2.3142,4.1332,1.1985,-3.3691,-3.8998,8.2959,-1.4002,-1.4555,7.325,5.4393,2.6692,-1.997,11.766,1.9649,2.7349,-0.8555,-7.0715,-6.6738,2.0349,1.9591,-1.2,-5.8584,-7.2083,-1.6393,-7.2806,4.4946,5.7633,14.1452,4.3916,-2.9642,-4.3583,-17.2586,-2.9744,-0.8849,4.839,3.058,2.9417,1.0681,3.3046,7.238,-5.3244,-2.2865,-6.9427,8.0933,6.4843,3.7614,-5.9928,0.8647,-1.1732,0.4041,-0.9406,2.5998,-1.9742,4.2729,1.207,-1.4654,-0.5593,-2.2029,4.0694,-1.3573,1.4745,-1.962,-7.4255,4.5305,-5.2906,3.3958,2.1008,-8.2802,-4.7234,-2.5705,-4.1036
17,-5.9104,3.7005,-1.1975,1.9285,-2.1525,1.5266,-3.7558,-0.1326,2.9092,0.2254,-2.2856,-5.4333,0.8382,1.7247,-1.2918,-3.8466,2.7129,12.4087,-1.5123,1.6837,1.887,-12.8323,0.6193,-3.5326,6.9234,-1.2699,-3.8877,-1.0925,0.8328,-2.7995,-0.2633,-6.7708,-1.1263,3.8784,9.8459,3.5326,1.3597,5.9188,5.0955,8.3192,5.4133,-0.5893,1.2922,0.8958,1.5107,1.0016,-3.9121,-10.5182,-3.3584,-10.1302,0.3398,0.0227,-8.3779,3.4408,4.3343,0.4793,8.3383,9.3583,-6.03,5.1835,2.2042,2.0916,4.6722,-3.5958,-2.9619,-4.1334,-3.7745,-0.4926,-7.2591,-5.2286,2.8876,-0.3548,1.9148,-9.4463,-3.9193,-2.7771,0.1627,-2.9314,4.6661,-0.2914,0.0851,0.0677,3.5399,-2.3581,5.612,2.3003,0.7702,0.2087,2.6015,5.077,4.7276,1.8793,4.3836,0.5918,6.2625,-0.133,-10.3757,6.6894,0.5393,-5.8554,-0.9911,-4.4192,10.501,2.4884,-7.8436,2.7308,-1.9937,9.5839,-5.2635,-11.2351,0.3293,-1.7401,-2.0829,-10.7062,2.134,8.3667,-9.5452,5.8561,-2.8436,11.745,2.18,-0.9392,5.5269,2.6301,-2.9623,3.5511,-2.5535,-8.9424,10.158,-1.7479,-3.0451,1.6936,-7.7982,-6.7679,-2.4982,-2.5986,0.3594,5.6128,-2.3701,2.464,3.0077,-5.4204,1.1423,-4.7133,5.3195,2.2754,0.0825,-6.6985,0.58,-3.8351
18,3.5298,-0.5966,-4.0617,4.6276,3.6077,-2.9665,5.8101,-1.492,-1.5458,0.619,-3.7632,-2.2082,-0.8024,7.6514,7.4982,-1.2944,8.0522,-0.2164,1.9029,4.4179,1.4602,12.0759,1.2167,-5.9879,6.5274,-2.0603,-1.5214,-14.9584,5.0049,4.0922,3.9951,4.892,8.455,-0.23,4.6881,-3.7192,-1.769,5.2838,1.9556,-6.6671,1.8066,-0.9146,-4.0933,2.1714,-2.0225,-7.8524,-5.5558,8.8459,-7.5746,1.114,3.0503,3.1959,-6.1274,-1.6077,0.7042,4.001,-3.2248,-5.8174,5.0129,5.5258,1.8504,-3.0439,2.0338,0.5466,4.1881,-6.2456,0.5813,-0.7953,-5.5484,1.0782,0.1746,-2.0518,1.9801,-7.094,-0.2682,2.1571,1.4201,5.3821,-6.0056,-7.5394,1.1953,2.2758,10.5991,3.0831,-4.3697,4.0301,-4.2282,-7.4292,13.0455,1.6291,3.5748,2.8178,9.0604,1.4205,6.0885,-5.1364,-6.9608,7.1328,7.3743,2.5536,1.1303,0.8309,-3.4408,7.6932,3.2944,2.5295,1.8806,5.2396,2.525,3.7268,-5.8447,2.5502,10.936,-2.5926,-0.6441,4.4597,4.7865,3.1221,-8.088,2.5087,-5.9184,-4.1235,2.7403,-1.4791,4.0481,15.7407,3.8859,3.6143,-4.4786,-3.2148,-5.3183,-2.663,-5.4588,-3.2985,-1.0436,-5.0029,-7.0955,-6.8073,2.2696,0.2987,5.1297,5.2222,-1.7032,3.3502,-7.2026,11.4151,5.977,-1.0752,-5.816,1.9002
19,-9.3504,-3.8965,3.7438,0.3772,-2.4548,4.7537,-5.1932,1.4235,-2.4894,-4.2369,2.317,-4.9644,9.51,-2.9236,9.9491,-5.4699,3.0298,-5.9979,-6.7056,0.7985,3.3878,-6.3713,5.9207,-3.988,0.6561,1.8989,2.9734,-8.9891,8.0928,2.809,-2.128,-5.1208,-8.4704,-6.8071,2.7247,-1.7054,-5.6576,-2.6347,7.8206,-1.6534,-2.9222,6.753,2.3095,0.2214,-3.0389,-7.7621,-5.8527,-2.4023,-1.0981,1.7812,2.7588,1.1146,1.102,-5.0376,-10.7738,-2.6044,-4.7707,-3.2631,-1.3728,-6.218,-5.5526,-0.5016,0.5789,-3.28,2.4914,-1.0973,-5.0996,0.2037,9.4121,-3.3746,5.8307,6.8889,7.4908,-4.1131,10.0769,0.5817,-1.2689,-1.1517,3.0079,0.2556,-0.8845,6.4179,-3.6138,-5.2157,3.9655,3.518,5.4699,-5.361,5.407,2.4101,8.8129,-6.2414,1.0912,-1.3878,-7.9488,-3.5744,5.6353,-2.3448,-3.613,4.3413,4.9444,4.9339,-3.9485,-0.29,5.1533,-3.2802,-3.7467,4.1412,7.8117,-5.7604,-12.9878,-7.2516,-5.0623,-0.6884,3.0792,-0.7325,-3.5017,0.7668,-4.8094,-0.2346,-3.2078,13.4017,4.0839,-4.1751,-4.9847,-2.1909,-8.2244,-3.6525,-3.6911,4.4196,-2.133,-3.9527,-6.7023,-5.8832,-0.3318,-1.0756,5.6713,-3.1457,5.2959,1.2856,-0.0232,-10.0415,-6.4503,3.7071,6.9891,1.0322,3.8126,-2.0386,-1.8568,-3.3148
20,4.8735,1.714,-1.1708,-1.642,2.7825,1.6156,-4.1602,8.5799,1.2851,0.0524,7.3864,5.1201,-0.4398,2.6799,-5.3499,-3.2042,-11.3017,6.1018,-9.4921,3.4064,-4.1534,-4.8949,-0.9752,1.3321,3.0605,8.8582,1.7931,4.406,-2.9924,3.5686,0.7663,-2.3159,-0.4799,-0.3103,0.9556,2.007,-2.5445,-3.7039,3.7374,-8.4828,-3.091,7.7631,-13.536,-3.4653,3.4386,-8.2516,12.9907,-12.942,7.1828,7.7867,4.5818,-1.1079,1.7859,-4.4862,4.0466,-5.5993,-1.3694,4.9812,-5.5715,-1.8213,0.8213,-6.7089,5.8219,1.7039,-7.5779,-0.2348,-3.8767,-3.2878,0.3837,-3.5485,4.8226,-3.5233,4.9085,-0.2188,4.2788,-2.7067,-2.5264,-5.7623,2.8899,4.689,10.5959,6.4526,1.2489,-1.0549,1.9435,-0.1387,7.3174,4.7197,-4.1838,-3.4382,6.8364,1.5404,-1.1588,5.9317,-1.938,-1.3989,-2.3059,-9.8084,4.3213,-6.0454,-2.8435,-3.7194,3.635,-0.3429,0.0771,-8.3973,-0.4372,-7.3817,1.536,1.8336,-0.087,10.2157,2.6386,2.9791,0.7116,-0.9638,4.8296,5.5072,-6.5058,5.2724,2.5691,4.8035,2.3309,-6.2213,-5.8646,9.123,1.2621,-7.0863,1.7407,-1.8106,-9.2171,-11.4509,-8.0133,1.359,-0.2404,-1.2458,1.4234,3.0057,-10.5125,-1.5058,-4.1396,-6.166,-2.736,-0.6144,-1.3318,-7.2733,-2.4157,10.0792,-5.2728,-8.4355
21,1.3762,2.9831,2.3202,-5.5986,4.9905,-3.9267,-5.6744,-3.0424,-0.5435,3.5705,3.1192,-0.1125,4.6645,0.4074,4.4799,-7.0193,-7.8709,3.8786,-6.9504,-1.5076,-0.4905,-2.4398,-2.2674,6.9631,-12.648,4.4194,11.4759,0.1179,-0.0949,3.6319,9.1443,-5.9402,0.4384,-0.9311,2.7969,0.7959,3.2983,-2.1082,0.245,-3.3517,-3.3215,-0.7077,-0.71,-5.8624,7.8503,-0.6754,-6.9185,5.5077,-3.7414,2.5414,-0.0851,1.2531,0.8551,-2.8758,0.2047,10.1655,-11.188,0.3298,2.1749,-5.2614,-6.8517,10.7946,-1.8575,10.395,2.6788,0.3807,2.3799,3.175,5.8983,2.1791,0.7231,0.8814,6.7596,4.0848,-5.0101,-3.1781,1.6537,-3.1146,-1.8824,-4.7796,-1.3082,2.1181,4.9758,0.0462,10.3743,-0.3821,15.9671,5.0083,2.4836,-2.4952,-14.1225,-0.7757,0.8911,9.6123,-6.8987,9.5294,-1.2562,3.6203,-12.6992,0.6952,-1.7187,3.4121,0.4561,-5.7112,4.7349,3.4731,2.9838,5.0446,5.5048,-0.1091,-6.7883,-6.9248,6.7488,3.5522,0.5101,-2.1732,0.1578,0.124,-1.6838,-3.4951,10.8216,1.1428,-3.029,-6.5103,-3.6285,3.5986,3.7919,-1.0918,0.2586,-1.5253,-5.5392,6.5084,1.8632,12.3818,-3.7809,-0.6877,4.4149,-1.2255,-6.9385,-4.7443,0.5038,1.7168,-0.473,5.0174,4.9638,1.6139,0.1345,-1.2645,2.7551,4.5981
22,0.303,2.25,-1.6216,-7.0577,-5.0048,3.8288,2.235,7.9511,0.2805,4.3239,6.6151,4.9723,-3.0427,-0.9228,0.6489,-4.9293,2.3714,5.1199,-2.4043,9.8628,-1.4536,-1.0148,-1.1914,-3.5414,2.0893,0.1001,8.3069,3.0365,2.6884,-1.1077,-7.0712,-0.4475,-4.2515,4.7592,-0.1522,8.3287,3.6766,4.1777,1.1533,1.0434,3.2664,4.6133,-3.5529,2.4614,13.1054,-0.4485,-1.2777,-3.4623,-7.2428,5.9444,0.3048,1.4981,9.2242,12.5459,-4.4427,5.2728,3.1192,1.998,2.3999,-0.1077,7.9564,3.0832,1.7351,6.2471,4.4954,2.314,1.6478,8.7923,2.5615,-0.4351,-4.2717,-1.706,-5.2345,0.5523,1.2992,-10.2396,0.1056,3.2595,0.8464,-4.7597,6.3571,-3.4687,-6.1287,-5.3909,-0.0599,4.9269,5.8399,1.0603,-5.957,-3.2734,-4.4789,-0.8827,-8.8619,0.5638,3.2327,-0.7383,2.307,-4.6872,-7.2683,-3.1801,5.7903,5.1545,-2.2798,6.0231,-1.6204,7.5634,2.4168,-2.2563,3.9797,-3.8704,-4.6762,-7.2528,1.2929,-0.2658,-0.3856,-2.0493,7.1894,-2.118,-3.6171,6.2306,7.1064,1.6943,-8.7001,-2.9986,3.0645,0.0886,7.7704,-6.8346,3.3919,-3.1352,6.6152,-0.3756,5.1532,-3.2376,-7.0475,-5.5519,-3.0335,-5.1241,6.0023,6.6946,1.3652,-5.171,-0.5919,-3.4299,7.2704,1.5797,2.4472,-1.9984,-10.0566,-3.8557
23,-5.5832,1.8513,0.4827,-4.0081,-1.943,7.8324,-4.7967,-4.5898,-1.1417,-3.4957,-2.1437,2.6572,8.6611,-8.8975,-0.0912,0.2072,-0.4197,-0.9356,-1.7019,5.021,-2.3257,-0.6366,-0.0006,0.5375,-0.8543,4.9962,-0.0434,0.8703,-0.2573,-5.0151,-4.1498,-5.25,0.9632,-3.5675,-5.3069,1.1905,2.6252,-8.804,8.4484,0.1614,-0.5258,5.3339,0.3491,-3.0193,10.9729,-5.372,-0.4881,4.236,-5.3482,-0.5101,1.9328,12.0082,-4.464,-0.2383,3.2935,0.4052,-6.0142,2.0406,0.5377,2.2282,5.6573,5.066,2.0388,1.5529,-5.4924,-0.6716,1.1016,-2.0051,0.488,-4.1266,7.6716,10.7604,-1.9477,2.0018,-1.1708,6.3143,2.175,0.3867,-1.1183,0.6306,-5.0019,3.3777,-3.57,2.6744,0.6482,5.4747,-0.085,5.1154,-4.6118,3.0472,-1.1205,0.9711,0.3587,4.6815,-10.0981,1.6154,-7.4725,6.0341,-9.8637,-5.0189,-8.3694,8.1962,-6.445,0.5696,-2.679,-8.9988,-1.6864,3.3137,-0.9213,4.7054,-1.8096,0.0343,-1.924,1.7178,9.4946,1.8112,0.9722,-3.0921,-3.7774,7.3203,-5.5612,-4.5657,-0.4873,-2.1316,9.7809,-11.8312,1.8068,3.5636,-5.6025,-3.2229,2.163,8.1476,-4.6026,-7.8961,4.8623,7.6187,-1.6752,-11.0689,7.2593,-0.9927,5.6195,-0.2174,-1.8782,-2.2596,7.3672,7.1723,-10.6892,-4.6813,8.8854,-1.8365
24,-6.8024,0.0223,-0.5418,-0.4867,-2.3978,-1.5504,-2.2795,1.6695,-4.0637,-1.4482,-0.7204,6.5287,1.8671,-0.5485,2.6809,2.0306,5.4392,2.5326,8.9696,6.7231,-0.205,-2.0725,4.4128,2.5831,-0.4728,-7.3848,-9.1619,1.7413,3.8542,4.0172,-6.4359,5.1867,-2.6708,1.9421,2.0835,-4.0124,-2.9566,-10.3653,-4.5837,-9.0127,2.1868,0.3071,4.5703,1.7827,-3.1738,1.731,-1.9521,3.0453,1.5769,-4.9429,0.011,0.2767,-1.5386,4.4745,8.5653,-1.8387,-1.7535,-11.2403,-0.6446,-2.1809,-10.8059,1.4425,2.9551,-3.6705,-1.8631,-4.8324,3.8127,-7.5872,-1.5663,9.7554,0.2579,2.3397,-0.7333,-5.8721,-0.1634,2.0324,-5.1132,1.7081,6.2246,5.3484,-7.9137,-4.8764,-8.0684,5.3558,3.0516,3.5157,-4.3918,-5.8333,0.3845,0.5049,-4.2713,0.7109,3.2228,1.1401,-5.1969,-10.5633,-1.2944,0.8218,-1.3004,-2.1418,-3.4572,3.5782,-0.2619,0.6161,-4.8576,-3.1021,0.819,-5.0271,-6.2965,-1.6458,6.0049,0.9548,7.298,-0.6576,-1.5503,-6.9612,-2.8811,7.1759,1.6378,3.6656,3.5255,-0.0477,-1.024,0.5959,3.3565,2.2893,2.4599,0.7707,-3.8497,-1.308,-4.7073,5.0233,-10.5102,-1.0893,11.9361,-1.7077,-5.6739,-0.0898,6.4469,-0.8023,3.0667,0.4998,-1.8644,15.7514,0.3558,-2.6858,-2.4499,1.9029,2.0461,3.8601
25,0.7057,-7.1581,2.6596,-1.5448,-1.4305,-7.4146,-2.8676,-3.6342,-0.1823,-7.2671,0.2533,0.6217,-5.5988,-3.1233,-4.2878,4.5381,-12.6413,-1.7166,-8.3026,-2.1584,4.2337,-3.1531,0.6919,-4.2239,9.6974,4.566,5.636,-6.6409,-5.5054,5.3988,-0.9718,-1.2896,1.6689,-6.2759,3.8643,0.0916,2.3962,-3.3531,2.5661,-3.5244,4.7719,5.6482,4.5594,2.5823,3.1691,-13.5296,4.1744,-1.3702,0.4747,-1.4185,-6.9557,-2.6932,3.2927,7.0868,-3.1146,-4.5199,7.2588,-4.4128,10.3682,0.2532,-4.417,4.9217,8.4667,-7.1737,7.7948,-1.407,7.4316,-1.9023,-7.886,2.5098,4.6329,10.4798,8.618,3.4762,-1.1885,-2.6033,-1.4744,-4.1547,-1.3728,-12.7226,0.8943,-0.1447,12.8294,3.7937,-2.4011,2.8237,-6.1288,-3.0135,-9.338,7.1813,2.9667,-5.8779,-0.3024,4.7488,2.4755,1.9114,-4.2892,-3.1862,0.4758,4.6013,-4.1443,-5.607,5.7201,-4.6516,5.3858,1.2153,4.4052,8.7219,3.4433,3.8802,-4.5892,-3.4759,3.2197,7.6713,6.9605,11.5833,1.5545,1.0139,5.031,0.0946,-0.3123,-5.2368,4.9561,-5.36,2.5613,-7.0959,5.4817,-5.144,4.2174,-7.9467,-2.1991,5.8917,-4.0267,0.336,-2.3922,-11.5472,1.5403,2.1613,-5.5389,2.8684,-3.9785,-5.017,0.0343,-3.4071,11.4622,-7.7746,3.6922,4.9445,-9.8964,-8.6624
26,2.812,-2.4076,1.9178,5.6972,-1.8607,-5.3198,-13.6472,1.023,-4.6431,1.5669,1.1581,-6.9223,8.6194,5.4163,4.2414,-5.9224,-2.0372,-2.7346,-2.0738,-5.6205,2.1732,1.1462,1.8269,-2.5297,6.4551,0.9387,-13.6891,-3.2006,-0.285,4.8266,-1.5036,-1.2504,-3.3141,3.3278,-2.2379,-3.0173,-3.7108,2.7829,-2.6649,-8.3795,3.1133,-3.5067,1.785,1.8689,6.018,5.2227,-2.8751,-0.8319,-6.452,8.3867,2.2081,6.9721,-1.595,-10.2457,7.6586,0.4656,0.6659,0.2773,3.2234,2.6657,-7.9527,5.4345,-2.6448,-2.3352,8.6371,4.6028,-1.6909,-9.282,0.8082,2.6933,-0.4027,-6.2302,-3.9534,-6.2761,1.077,4.0971,5.127,-3.6611,1.1751,2.7703,-2.5557,-0.7425,10.6193,1.0256,4.4148,-2.1742,0.2088,-8.5716,-0.1253,5.9614,10.4945,5.9832,3.4343,0.2648,-2.9998,-0.8014,3.0642,-3.9257,4.6656,-4.9206,-8.8962,-5.0605,-8.3269,-6.8617,5.6607,-1.0008,1.0929,5.7906,6.2955,-2.523,6.6428,1.923,0.0166,2.2105,-7.1281,-3.9305,-0.5407,3.0485,-1.8602,-0.6366,4.8472,7.0585,3.8357,6.3421,-2.0218,-1.5322,1.5918,-1.5054,-2.5356,8.2607,-1.0059,-4.8301,2.437,9.179,0.404,6.1569,-2.1892,-2.4566,-3.4491,-0.7171,9.1817,-5.7775,8.1862,-5.0422,-1.1691,4.179,3.1513,1.4102,-8.2468,1.8112
27,-5.1118,12.8445,-1.0671,0.9436,-5.7335,-2.3944,-6.4552,4.9077,-1.3099,2.8133,-3.4229,-2.5057,6.4409,-4.8585,-9.0072,2.0312,-5.7067,-2.1973,4.5579,-4.093,4.3923,-3.4061,7.4534,6.6255,-2.357,-1.0661,-4.1597,1.0,5.7459,-7.2338,4.5872,-6.6197,-4.2986,-8.9385,10.5247,0.2935,1.2238,-3.3806,5.3348,-10.5159,0.1333,11.0336,-1.9103,0.0857,3.3612,-4.0573,0.1142,4.805,0.972,1.8549,-1.7472,1.578,0.2788,7.2753,3.622,-1.2184,-12.2341,3.5786,3.7763,-4.5845,-9.9918,-5.709,4.6309,-5.3239,-2.2976,1.102,6.1218,-0.0908,-0.5019,-2.7442,8.1533,5.3298,-0.4756,-6.9829,-3.9514,2.8974,-3.6074,4.4614,1.8073,1.4633,3.2672,2.4929,-4.2759,-1.6292,11.6991,-6.0393,-2.3727,5.3285,-0.7963,-4.0606,-6.6159,2.6801,5.0995,6.9995,0.2689,5.2249,-5.1647,0.8401,-3.3869,0.8692,3.7536,5.3486,-4.9495,6.3374,-2.3719,-5.1287,-0.853,-7.3128,0.0229,1.4485,-1.0019,2.6808,-1.5734,0.0203,-7.2033,0.2134,-4.2552,-2.2489,-0.4684,0.9549,-8.2333,-7.8171,-1.5099,2.3719,1.8012,4.4639,6.5054,2.4822,-0.0993,-5.1573,-4.7303,-2.3359,1.3374,1.1037,0.0212,-0.7636,3.1525,1.0417,1.4892,1.5422,-2.7315,-5.1542,2.4556,2.0836,-1.1001,-2.0787,11.3921,-3.796,-1.0877,1.3275
28,-5.7712,0.5862,8.9887,4.6693,3.161,2.9621,0.5598,4.792,-0.7793,-2.114,0.5102,4.5285,1.6521,3.3727,-10.1206,5.9653,11.703,6.6745,-1.5881,-4.2422,1.3873,-4.9349,3.6284,-2.6271,4.8033,6.8107,-10.1613,1.4639,-3.4914,-7.0489,-3.0867,-1.0947,5.1684,-7.607,5.2541,10.0903,2.9872,2.7297,-0.0671,-5.8752,2.6741,1.9201,3.658,12.8442,3.6389,2.1286,7.8097,-6.7261,-5.7135,-1.876,-3.2746,3.4697,-1.5872,8.6997,7.6022,3.8504,-1.93,3.0848,4.0553,-5.3329,1.7439,3.5306,1.0823,7.8556,6.0708,-4.1279,0.6224,-4.1776,2.8978,-4.3357,4.6166,1.9407,4.8542,-0.7254,-7.2815,8.8292,-0.8628,6.8835,2.1509,3.3696,9.1487,1.7012,7.0012,-7.4216,4.3555,-1.2094,-0.6703,0.0436,1.7326,8.2858,-9.2686,0.2202,-3.5824,5.8291,-2.1155,2.2839,-1.9875,3.3403,5.074,-1.987,0.2454,-7.1018,1.527,4.2813,-2.777,5.6018,-10.3666,-9.2567,-6.9412,-2.424,0.0931,-0.3943,-0.3355,3.6179,-2.3606,-6.3179,-6.2189,10.5633,-11.7606,-0.8816,7.2895,2.4168,-4.1478,0.0109,4.3196,6.0407,-4.4967,3.8023,1.2625,5.522,6.9521,-1.7165,-7.248,1.9792,8.8831,3.4279,1.1508,12.0052,-5.2001,4.515,-2.8522,0.2482,0.4482,7.5732,-4.6801,-2.6754,-7.9648,2.436,-2.2912,2.1098
29,-5.3663,-1.7969,5.1946,-0.8716,3.1282,2.6416,-1.7659,-7.7987,4.927,0.8535,4.9164,-10.0634,-8.273,-10.7136,-4.3842,5.2097,2.83,-0.1708,0.6562,3.8039,-1.5108,1.9803,0.6998,-10.9352,-1.9241,6.7938,-1.9793,-0.7154,-3.0343,-2.4232,5.6201,-1.3404,-5.1097,-15.5568,-2.8635,-9.8341,-9.1187,3.9759,3.5434,-9.5861,4.2574,2.2968,-3.9178,3.6719,-8.1332,-6.0221,-7.1984,-5.5575,4.3934,-6.6681,-5.7565,-4.7585,0.9773,-1.6985,4.3117,-3.5568,-6.4471,-2.5207,0.1743,-4.6705,1.37,9.0567,-2.9411,0.1815,6.7165,-3.289,-4.2903,-5.5279,1.9264,2.5041,-0.8159,0.1329,6.2855,4.2482,-7.1012,-0.1475,0.4209,3.4898,-1.2323,-3.347,-2.4151,-9.0192,-0.2608,-3.1201,2.1917,-5.2763,-2.3291,-5.0462,-5.4876,3.3366,-2.4911,2.0508,-5.7701,0.3076,-8.6267,-2.5767,-2.7025,2.7197,0.7029,-1.0751,3.9841,0.7499,2.4796,3.6202,-0.5445,-1.6815,1.418,-2.3011,1.7169,5.3137,4.0456,-2.1289,-6.6422,-0.5047,-0.8545,5.2939,-2.1402,-1.2737,3.44,-2.6151,-1.0277,8.3221,7.2023,2.9084,1.1055,-5.0711,2.5514,0.054,0.8656,-2.8233,-0.2959,-1.1555,1.3383,6.8896,1.568,-8.5106,-5.0787,-8.1408,-4.1964,2.5516,1.7625,-3.2276,1.0912,-4.0159,-7.3275,-7.2561,-4.5262,6.8481,-6.9316,5.9619
30,6.3827,-1.1524,-0.4898,-3.3051,-0.3704,3.0362,-0.2044,4.7243,5.6687,1.4608,1.3785,-0.5616,1.4725,-5.8165,1.7666,0.7669,-4.5604,10.4799,-5.1085,-4.5949,1.1293,-9.9273,-4.2105,-7.8696,-5.0852,-0.9255,1.3298,5.2435,3.7572,5.6454,2.6697,-2.6048,5.2981,-2.7052,-3.3347,7.3632,3.6631,0.8238,3.4832,4.1147,-7.0763,-0.7422,-6.1615,0.3357,-3.6253,6.5094,2.3143,-4.3299,-0.3683,-6.3268,-0.0741,2.4556,1.037,-9.9172,-1.9537,2.2619,1.2483,5.5103,-6.703,2.3345,-3.5345,0.6918,1.7432,3.1483,-3.1672,0.6393,-6.1231,-7.3349,2.4893,-0.558,-8.377,-4.5356,-0.1928,7.4841,4.9334,3.7001,-9.2123,-0.776,2.0944,1.6778,1.7884,-1.4565,8.4947,7.0875,-0.7602,-5.1886,9.9731,-3.0539,5.6898,9.2511,-5.0076,1.16,-2.0297,2.2813,1.3092,9.4328,2.6576,-0.3361,5.3355,-1.652,-2.1187,10.8975,-4.3969,-2.737,-0.0731,-5.5766,-10.8371,4.9842,-4.2163,-2.9989,-2.1551,-5.2007,-5.6635,0.5101,11.6941,3.3879,3.4402,-7.8209,-0.4148,-6.2106,3.5665,-1.4345,-0.1035,-0.737,-3.2121,-7.9014,2.6034,-7.2095,-6.1981,-1.7829,-3.8252,1.0137,4.7574,0.9494,0.6906,-0.1784,3.9952,-9.5241,1.5407,-4.9591,-6.4596,-0.2708,-2.2315,2.6214,5.2088,-11.9233,-0.6567,9.4967,4.0429,6.9369
31,0.214,-7.4714,-5.9197,3.2636,4.4995,-3.9524,-1.6363,1.013,-9.0455,-2.0447,7.7964,10.6335,-0.8357,8.8634,-2.9194,-4.3456,-11.4853,4.4907,-2.1642,11.4053,1.3646,0.6499,-9.3231,7.209,-2.1053,-1.096,-11.3225,4.3419,4.6546,-3.3179,0.177,1.6758,4.5286,0.2371,8.3289,-1.4963,-3.3153,-2.6168,-12.971,-4.3163,4.7538,1.0441,-4.3727,1.471,-10.3699,-1.7,2.3496,3.2155,-4.147,4.2911,9.0757,-2.4061,3.4335,-8.0586,-10.0807,2.794,-0.0527,0.7323,-3.1814,-1.734,3.7905,8.3285,-1.3454,-8.5162,6.1124,2.7538,3.1513,0.6522,11.3611,0.1204,2.3148,-9.5263,-3.1531,-3.6921,-0.4058,1.4852,-4.0052,8.4026,-5.5854,-2.5097,0.936,-6.514,2.5985,2.9098,-1.7191,9.2944,0.153,1.1503,-5.0599,-8.633,-3.4132,-1.8646,-2.5345,3.5901,-12.1954,-5.9292,-9.393,6.4568,-3.0828,-2.8314,-5.7677,4.245,-2.315,0.8561,-10.4337,5.6067,1.7225,2.5091,5.9353,-1.218,-1.0871,3.3432,1.8862,-1.4746,-0.0279,-2.7724,3.3316,4.4281,-0.2201,9.1616,-7.9473,-1.4128,8.3258,-2.3546,-8.2577,6.7474,2.491,-6.2243,3.6412,-5.3651,-6.956,-1.0023,-2.649,-5.7404,-2.0712,-5.2727,0.0619,-0.3539,3.496,-2.5169,-6.9121,-6.8504,-1.4696,7.4622,4.0164,-3.4509,4.4855,-6.0502,4.8432,-2.1556
32,3.6174,2.8853,-1.6254,1.4076,-5.5844,-0.6049,5.1959,20.308,3.2909,0.2074,-5.3104,5.0776,-8.538,-4.2573,1.5635,-6.2763,7.4916,5.249,-3.0811,-3.0161,-6.8449,-7.2551,1.9886,2.8964,1.5314,1.1021,-3.0409,1.5764,-7.6139,-0.1894,7.163,6.4059,-2.5549,-1.9068,6.6825,8.7384,-7.7381,-2.3698,0.9454,5.8849,-4.4344,2.9943,-1.7362,11.6938,1.93,-0.904,-1.9092,5.0716,3.182,-5.6622,0.863,-6.9471,-4.0207,-6.7249,-6.8815,-3.6733,-5.1456,2.4249,3.775,-1.4244,-5.8435,3.8129,-10.3866,-9.9209,3.4277,3.0699,4.6684,-1.3075,-6.5572,-2.7814,2.6226,-4.0728,-3.7496,-7.2266,-6.0673,4.0096,2.0581,-6.056,-5.6479,-3.0465,2.5282,-6.091,-1.0704,-10.994,-6.5363,1.8892,4.2852,-6.0298,-4.1074,3.7833,-2.1823,-2.9413,2.3834,0.7619,5.3611,3.7661,-3.1124,-0.8173,-0.5211,-7.0282,-5.1064,4.6608,-8.1863,4.7765,1.2161,-0.9134,2.4864,2.1758,5.8538,-2.2234,-1.36,-1.4471,9.2344,4.5338,-4.8486,-1.8834,-3.7504,-0.1399,0.8664,11.2991,-9.3638,4.9554,1.9867,-3.7248,-0.952,-2.6869,0.0525,4.8527,-7.8127,6.3916,-2.0682,7.3433,1.8748,5.9953,2.6498,5.2562,0.0973,-4.3536,3.1887,3.3834,10.3439,-10.2254,-1.1668,5.1467,-6.4575,-1.3142,10.4426,6.9304,-4.578,6.9813
33,5.7688,3.7313,1.747,1.0328,-4.5182,-2.7465,3.5149,0.55,9.1115,-1.8246,-12.177,-1.8245,1.2408,1.7679,0.1924,-4.2652,7.3419,-3.4691,3.4186,-1.5789,-6.1349,6.9399,-12.7005,-4.3977,2.0329,-1.9163,3.6273,-0.6269,-2.3928,10.6921,-1.2222,-0.9103,-5.5368,-3.8584,3.1344,2.708,-0.102,-3.6127,3.3261,-8.6275,-1.812,-1.3633,-4.3307,0.6685,-3.4335,-4.1091,8.9272,3.6231,5.9189,0.1793,4.75,3.8348,5.9997,11.7795,-1.1953,1.2369,-0.3134,-17.6337,-7.0349,0.0462,3.123,-2.9219,5.6384,6.3832,-2.1006,7.0892,8.7299,2.295,-4.9321,7.3205,-0.8384,-1.9052,0.5673,-2.701,5.3522,3.8786,6.0896,2.9018,-3.9733,-0.7982,4.3769,-2.0347,14.5999,-1.2115,-2.9319,5.7445,3.7387,-0.1396,-1.1512,2.1325,4.1777,3.8136,-1.5083,2.1596,4.2198,3.8249,-15.4317,-4.4513,-3.8793,-1.1516,0.8954,4.6072,3.0884,-0.6348,0.1157,8.7956,-3.0638,1.5224,7.8275,1.7296,-10.2176,1.8746,-1.9368,-0.5655,5.2551,2.3477,-1.3202,4.46,2.1764,0.5257,1.505,1.2656,-1.6976,-2.2955,0.1258,-4.7712,-6.2944,6.5046,-1.1985,-0.12,-0.6752,0.117,0.1136,0.3256,-4.0247,4.6601,-3.4605,5.1745,-9.5941,-5.3076,4.9606,-0.7408,-3.3551,1.8759,-5.2276,0.3844,-11.0758,-2.2618,-3.2492,2.6981
34,4.3789,-4.2727,8.0446,-2.9602,-10.2796,-11.8985,7.6948,-0.4377,-3.2366,-3.7395,-5.4611,6.7612,-0.4194,8.951,-0.995,-11.7515,4.2222,-1.841,-1.1854,7.8364,-1.3169,5.81,-0.025,-3.7599,2.5366,-3.0034,6.1415,4.7994,0.3137,3.0495,2.823,-1.3781,4.4757,-1.1365,3.081,-4.7517,0.5101,2.0805,-3.9423,-2.0716,-2.6552,3.6532,-3.5842,2.2087,7.6439,1.8057,-8.0345,0.6551,5.233,-1.4003,5.5787,3.1244,2.1411,-1.2694,-2.523,-1.2401,0.3573,2.6595,2.1487,-1.4567,0.3768,1.9906,-8.0703,-3.7852,-3.9372,-0.9602,-1.3166,-1.2265,-4.2991,3.43,1.4571,-8.1443,0.1376,-5.5593,8.5851,-2.2033,-1.893,0.4965,-0.9219,-0.2126,7.817,1.2115,4.2571,5.7193,-4.7893,8.5308,3.5267,4.872,-4.2298,4.1745,2.1556,-2.5965,11.5041,2.9244,-1.1059,1.0617,4.6436,5.7443,3.002,6.1806,7.4458,-6.0781,-2.332,-4.6008,0.5837,7.3142,3.3642,-5.1295,-1.3689,5.2424,-2.5575,-0.3835,1.6222,-9.0075,3.998,1.8116,2.9426,-4.7933,-3.74,-2.8842,1.3528,0.4517,0.7391,9.0586,6.6274,-3.4951,-3.1675,8.6786,-1.4849,6.9942,8.0931,-2.6117,-1.2474,0.5142,-4.2188,-4.7893,-1.906,4.3635,-2.1395,-0.9316,-2.2262,-6.7242,7.5219,-11.6112,-3.1704,2.8936,-6.8792,3.1237,6.3616,-4.1988
35,1.1426,-5.4533,2.6336,0.54,1.1756,6.9285,2.4533,6.8271,3.2679,-5.9011,1.404,2.5444,-7.1312,6.7644,0.437,1.9372,-4.3858,0.4596,1.5959,-1.5347,0.4997,-10.5016,6.906,-5.4752,-10.8157,-4.7068,-4.0796,2.813,-4.4749,1.515,-4.7044,11.1279,2.8189,9.8729,-4.9814,3.4092,-4.691,2.9816,3.4785,-7.885,-5.5966,-5.7467,-7.4347,-3.5729,-4.7203,-7.1466,0.5666,2.8041,-6.4988,-2.7119,0.1112,-1.089,-3.4348,4.1185,4.3005,3.4629,-0.9786,9.994,8.7635,-1.9499,-0.5421,5.9997,-3.9405,2.0486,0.2857,-3.4624,-1.1049,-7.8062,-2.6641,-9.9266,11.4496,7.5768,6.1902,1.5557,5.0371,6.4038,5.121,4.6315,-4.5227,2.1797,-2.6379,-5.8695,-5.6752,2.1691,5.2939,-6.8118,8.7534,7.3706,-1.8798,-2.2938,-0.345,4.9253,-1.8979,-5.5159,1.7318,-10.3138,0.7145,5.804,1.5352,3.9076,2.4734,3.6432,0.7285,-4.1456,-1.1217,-0.3663,6.2943,8.1307,2.1031,-3.7638,-3.6484,-0.9375,6.944,1.6729,-0.2767,-3.8251,4.4119,1.4469,-0.2539,0.5171,8.4326,-0.8019,8.4423,6.2114,0.2617,4.4194,-0.6189,-4.1419,-1.3395,-4.5362,2.5572,0.0736,2.8392,4.1334,-15.6012,1.5575,-9.0084,0.8332,-4.3869,0.5212,6.8273,-8.539,0.9533,-0.3921,-9.4611,3.2399,0.1711,-2.5437,-3.6089,16.0628
36,-1.9693,-9.0016,-4.6545,-1.8331,-1.922,-0.3943,-5.2349,2.7077,-2.4189,-6.8036,-4.0779,-1.9233,4.2431,2.4226,-1.6901,0.0985,1.0757,10.1936,-3.0881,2.3353,3.6318,-4.7653,0.9461,0.8172,-2.349,2.8379,5.1425,5.6511,-0.9591,0.9494,11.7533,-5.5182,1.1093,4.4499,0.7506,3.2799,0.8634,3.7683,6.4128,-1.107,0.9875,-0.2761,-2.0181,-0.0982,-5.6582,3.7226,8.5122,8.5226,6.3793,-4.8206,7.5989,-3.5771,-0.2653,9.2309,-5.3595,4.2065,1.4063,-0.7605,-4.3802,2.1125,-2.319,5.2263,6.1214,-6.8965,-2.5263,-1.5954,-5.9086,-5.5895,0.4433,-1.0403,-8.2592,-2.6906,2.5945,-6.0312,-4.618,7.9384,6.5861,-8.1052,-6.7549,1.8863,-5.9575,-1.2639,-2.2564,2.8008,-12.6437,-11.0125,-6.131,5.0694,-0.7717,-8.5411,2.4649,3.5384,-1.2293,-1.6528,2.1882,6.0473,0.7622,2.6655,-0.2411,-1.9064,-4.5796,1.2815,-1.501,-1.2182,4.6486,2.44,4.3505,-7.8782,2.7919,-2.9493,-4.0412,-4.2608,6.057,4.1393,-3.5845,-5.6879,0.0686,-2.2979,8.2978,-7.3064,-9.1493,-1.2788,0.0537,0.6631,3.7671,10.3667,-1.7117,-2.7218,-8.7962,1.217,4.267,-1.3022,5.9031,0.1514,7.5743,1.6657,-5.2858,-3.1841,-7.6687,-8.6853,1.3346,4.348,9.7713,-0.2759,-1.1843,-5.5452,4.9366,1.9459,-2.9757,3.4427
37,2.8067,-9.3498,3.7135,0.6805,-1.9574,-2.0854,8.742,7.6798,9.1297,-5.7433,-3.2725,4.5274,-6.0423,-3.601,-9.0213,9.2655,5.3134,2.2926,1.0961,-2.0857,-1.9894,3.0784,-3.5589,6.137,-2.4629,-4.3674,6.4901,-0.7199,2.7744,-2.0747,-11.2505,2.736,-6.7334,5.4111,-7.7541,-9.3243,1.5382,2.1264,0.5334,-6.0679,4.4427,-7.3234,-2.3213,-3.9406,-1.8884,4.2639,-3.1704,2.822,3.4707,-8.5552,-5.8329,-1.9168,-2.9606,1.5384,-9.6583,3.603,3.7229,-0.8412,-6.9153,0.0279,-2.6875,2.8332,-0.4271,3.6411,-2.1666,7.2131,-11.5238,-5.0809,2.4541,-7.5546,3.6797,-6.0836,0.466,-4.5738,-2.206,0.8731,-0.5237,-1.9066,10.7656,0.0423,-4.8498,4.638,4.1033,6.1146,8.9363,-4.6967,5.2976,5.698,0.0018,1.2258,-15.0139,-2.8697,8.9398,-8.9342,-2.6785,1.4397,2.8778,8.1577,-8.8141,0.2138,4.2984,-6.5682,-0.1984,9.424,6.5825,2.6975,-13.0704,-0.6517,1.9321,-1.5424,-0.3272,15.4171,-1.0723,-4.8482,1.2143,-1.5784,-1.5487,-0.4355,3.8702,1.1875,-6.0072,-0.6635,2.3722,-2.3386,5.7447,3.8856,-4.9538,1.599,9.9189,7.8009,-0.2814,4.4881,-3.3693,-7.2404,2.7716,1.2327,2.5708,-0.1235,1.6299,-2.5646,2.3663,4.1654,-0.292,4.0707,-8.8547,-3.9311,7.2226,8.8084,1.253,-0.5168
38,-6.3398,1.8179,3.8922,-7.4089,2.7945,2.4533,2.2043,-5.6376,2.7092,-7.4897,7.443,0.6759,-5.8183,6.7259,5.7701,-3.2522,11.0205,-5.0207,1.5671,5.9122,-11.3534,5.0073,-0.3236,-0.0785,-5.3843,1.6576,-5.5489,-4.8423,-2.2387,-6.1367,7.8637,-6.6436,-3.7739,-1.5818,0.0179,3.9617,4.0915,-1.5143,-1.9204,0.1752,4.1102,3.4874,-2.5818,-10.296,10.7153,4.7572,1.3166,1.7022,-2.608,-5.0053,-1.6624,-1.1123,-3.1262,-7.2858,-1.5629,2.8828,-2.4745,0.1099,-10.3537,-1.0381,-0.6098,-6.1304,-8.6477,2.0591,-4.0483,2.4418,-2.101,3.116,-1.694,-7.5331,-0.4323,-1.6413,3.2869,-2.253,-1.9654,4.2994,5.8316,3.7972,5.189,2.271,3.8518,4.3913,2.0188,0.3147,0.7108,12.0243,0.0684,-1.184,-1.8213,-0.1667,1.221,-5.6557,-9.9028,1.4763,-8.0303,1.2936,0.7031,5.7645,8.351,1.8384,-2.7697,-5.8739,-3.9588,0.1999,-10.3468,0.3762,-0.0603,3.2222,-1.6731,0.5102,-3.6807,-2.3201,-8.8662,0.6182,7.7437,0.8132,1.8292,-4.9082,7.1565,-3.8351,4.0089,0.5367,-4.7956,5.1359,0.0769,0.8936,2.2607,-0.1075,-1.8936,2.3309,-2.0238,0.3268,-3.3384,-7.4505,-3.3659,-2.4757,0.074,5.922,-8.4474,0.643,-11.0596,-5.2293,-2.5353,-11.2654,-9.2886,0.7702,0.3888,-0.5689,-4.0186,10.7719
39,-0.8062,-4.3106,8.392,3.0715,-1.8547,5.9634,0.7833,3.2157,1.174,-5.1421,4.856,0.8023,-5.047,-3.8146,4.7767,-1.8469,0.2321,3.2726,0.6416,-7.633,3.187,4.6919,4.3332,8.0841,1.8214,3.8852,7.9465,-1.4536,8.6819,8.6732,3.9154,9.1984,4.2597,-4.4035,5.6869,1.632,2.0674,0.773,6.798,2.7618,-3.479,2.4291,3.6463,-3.6279,-2.1713,-1.9153,-3.0367,1.744,5.0887,9.4618,5.9734,5.1104,5.716,6.6764,-1.8836,3.468,1.6112,-0.6467,-2.2748,-2.5264,-1.34,-6.1739,2.6086,-0.1094,0.5301,1.6935,3.6246,-2.9588,-0.5314,-8.0425,-11.0993,-9.7025,7.6841,-9.1319,2.361,7.3861,-2.2888,8.149,9.2364,4.7267,11.863,3.1137,-3.6424,2.6205,-2.2036,-6.4995,-6.3617,11.5806,-2.6807,-0.0917,-3.2849,0.7259,-1.1516,-2.0057,-6.0088,-7.0129,-3.665,1.5218,10.4437,5.3308,9.1837,2.4969,-0.3617,-6.5484,0.0907,-10.6411,-1.4175,8.2269,1.7336,5.7338,-1.8157,-6.7838,-2.2955,-1.8813,6.1322,9.9837,-3.5937,-1.6845,-0.6146,-1.6294,-6.1028,0.5837,1.9311,2.0516,-5.9081,-0.4434,-8.5721,4.6962,-4.9679,-1.2402,-2.1111,-2.7808,-5.1574,-8.6984,8.8058,1.4214,1.4723,10.6409,-0.3555,2.9117,0.2547,6.0875,2.6614,1.7258,-1.1218,1.5543,5.9755,-10.2264,-0.4869,-1.93
40,-1.3415,-9.7192,3.8178,-4.0659,-0.9727,-2.3567,-8.1872,-2.0679,-9.046,-4.5494,-1.4122,0.1409,0.4409,-0.5236,10.8534,2.342,-5.9432,-2.8957,-3.1216,-0.7214,-2.8512,-4.1111,8.4114,0.3861,-1.5194,-1.0948,-0.9174,7.1313,2.5596,5.7841,-15.4217,1.801,5.467,10.0389,0.3197,-8.411,3.1186,-2.8211,-8.7845,-2.9184,5.4563,6.1862,3.7853,-5.0619,12.7644,-5.6665,-0.207,-7.0418,6.77,2.4151,4.6276,0.6397,-0.1514,1.0632,-9.2492,5.1643,4.7622,-1.7654,0.1357,1.6981,8.0521,2.3625,0.4172,-2.339,-7.3093,-2.7715,0.5687,-1.0475,0.5932,3.9441,2.3959,1.5971,3.5036,1.1555,0.0709,2.5752,-8.4107,6.4933,-6.215,4.4175,0.2988,5.7765,0.4142,-4.4814,5.6086,1.1664,0.8376,0.6522,5.2545,4.3384,1.4026,-7.5013,-1.7656,0.7848,9.2328,2.1821,-0.1988,6.2428,-0.2927,0.1255,1.0521,-7.2217,5.0561,2.3985,-1.1424,-5.4395,1.3405,7.2734,-2.932,-5.0333,2.3762,-7.7061,-10.8282,-1.9443,-3.1709,-1.1042,-2.4753,1.9443,-0.8213,-2.7104,-2.0034,3.4435,5.0798,4.8089,3.7745,-16.2005,-4.7193,-1.2818,1.3212,-7.7943,7.4051,1.8119,-2.8101,1.1142,-1.4348,-3.5007,2.829,-1.9692,-6.7581,-2.8744,-0.2713,-5.0963,6.6097,-5.1419,9.0924,4.7795,-4.3991,0.9607,6.2214,-0.6422
